-- EJEMPLO CREACIÓN DE TABLAS EN EL ESQUEMA.
CREATE TABLE USUARIO (
    ID_USUARIO BIGINT NOT NULL,
    NOMBRE_COMPLETO VARCHAR(500) NOT NULL,
    NOMBRE_USUARIO VARCHAR(50) NOT NULL,
    CONTRASENA VARCHAR(255) NOT NULL,
    CORREO_ELECTRONICO VARCHAR(200),
    ACTIVO INTEGER NOT NULL,
    DESCRIPCION TEXT,
    ID_ROL BIGINT NOT NULL,
    FECHA_HORA TIMESTAMP NOT NULL,
    CONSTRAINT PK_USUARIO PRIMARY KEY (ID_USUARIO),
    CONSTRAINT FK_USUARIO_1 FOREIGN KEY (ID_ROL) REFERENCES ROL (ID_ROL)
) ENGINE = INNODB DEFAULT CHARACTER SET = UTF8MB4;

-- CONFIGURACIÓN DE TABLAS INICIALES EN EL ESQUEMA.
INSERT INTO PARAMETROS_GPS (ID_PARAMETRO, NOMBRE, VALOR, FECHA_HORA) VALUES (1, 'URL-BASE-GOOGLE-API', 'https://maps.googleapis.com/maps/api/distancematrix/json', CURRENT_TIMESTAMP);
INSERT INTO PARAMETROS_GPS (ID_PARAMETRO, NOMBRE, VALOR, FECHA_HORA) VALUES (2, 'KEY-GOOGLE-API', 'XXXXXXXXXXXXXXXXXXXXXXXXXXXXXXXXXXXXXXXX', CURRENT_TIMESTAMP);
INSERT INTO PARAMETROS_GPS (ID_PARAMETRO, NOMBRE, VALOR, FECHA_HORA) VALUES (3, 'DEPARTURE-TIME-GOOGLE-API', 'now', CURRENT_TIMESTAMP);
    
INSERT INTO MENU (ID_MENU, NOMBRE) VALUES (1, 'menu-Archivo');
INSERT INTO MENU (ID_MENU, NOMBRE) VALUES (2, 'menuItem-Inicio');
INSERT INTO MENU (ID_MENU, NOMBRE) VALUES (3, 'menuItem-Roles');
INSERT INTO MENU (ID_MENU, NOMBRE) VALUES (4, 'menuItem-Usuarios');
INSERT INTO MENU (ID_MENU, NOMBRE) VALUES (5, 'menu-Transporte');
INSERT INTO MENU (ID_MENU, NOMBRE) VALUES (6, 'menuItem-Viajes');
INSERT INTO MENU (ID_MENU, NOMBRE) VALUES (7, 'menuItem-Países');
INSERT INTO MENU (ID_MENU, NOMBRE) VALUES (8, 'menuItem-Compañías');
INSERT INTO MENU (ID_MENU, NOMBRE) VALUES (9, 'menuItem-Plantas');
INSERT INTO MENU (ID_MENU, NOMBRE) VALUES (10, 'menuItem-Estado-Viaje');
INSERT INTO MENU (ID_MENU, NOMBRE) VALUES (11, 'menuItem-Transportistas');
INSERT INTO MENU (ID_MENU, NOMBRE) VALUES (12, 'menuItem-Vehículos');
INSERT INTO MENU (ID_MENU, NOMBRE) VALUES (13, 'menuItem-Clientes');
INSERT INTO MENU (ID_MENU, NOMBRE) VALUES (14, 'menuItem-Clientes-Destino');

INSERT INTO ROL (ID_ROL, NOMBRE, ACTIVO, FECHA_HORA) VALUES (1, 'Administrador', 1, CURRENT_TIMESTAMP);
INSERT INTO ROL_MENU (ID_ROL, ID_MENU, FECHA_HORA) VALUES (1, 1, CURRENT_TIMESTAMP);
INSERT INTO ROL_MENU (ID_ROL, ID_MENU, FECHA_HORA) VALUES (1, 2, CURRENT_TIMESTAMP);
INSERT INTO ROL_MENU (ID_ROL, ID_MENU, FECHA_HORA) VALUES (1, 3, CURRENT_TIMESTAMP);
INSERT INTO ROL_MENU (ID_ROL, ID_MENU, FECHA_HORA) VALUES (1, 4, CURRENT_TIMESTAMP);
INSERT INTO ROL_MENU (ID_ROL, ID_MENU, FECHA_HORA) VALUES (1, 5, CURRENT_TIMESTAMP);
INSERT INTO ROL_MENU (ID_ROL, ID_MENU, FECHA_HORA) VALUES (1, 6, CURRENT_TIMESTAMP);
INSERT INTO ROL_MENU (ID_ROL, ID_MENU, FECHA_HORA) VALUES (1, 7, CURRENT_TIMESTAMP);
INSERT INTO ROL_MENU (ID_ROL, ID_MENU, FECHA_HORA) VALUES (1, 8, CURRENT_TIMESTAMP);
INSERT INTO ROL_MENU (ID_ROL, ID_MENU, FECHA_HORA) VALUES (1, 9, CURRENT_TIMESTAMP);
INSERT INTO ROL_MENU (ID_ROL, ID_MENU, FECHA_HORA) VALUES (1, 10, CURRENT_TIMESTAMP);
INSERT INTO ROL_MENU (ID_ROL, ID_MENU, FECHA_HORA) VALUES (1, 11, CURRENT_TIMESTAMP);
INSERT INTO ROL_MENU (ID_ROL, ID_MENU, FECHA_HORA) VALUES (1, 12, CURRENT_TIMESTAMP);
INSERT INTO ROL_MENU (ID_ROL, ID_MENU, FECHA_HORA) VALUES (1, 13, CURRENT_TIMESTAMP);
INSERT INTO ROL_MENU (ID_ROL, ID_MENU, FECHA_HORA) VALUES (1, 14, CURRENT_TIMESTAMP);

INSERT INTO USUARIO (ID_USUARIO, NOMBRE_COMPLETO, NOMBRE_USUARIO, CONTRASENA, CORREO_ELECTRONICO, ACTIVO, DESCRIPCION, ID_ROL, FECHA_HORA) 
VALUES (1, 'Administrador', 'admin', SHA2('admin2023', 512), 'rmolina@uno-ca.com', 1, 'Usuario admnistrador del sitema.', 1, CURRENT_TIMESTAMP);

INSERT INTO PROVEEDOR_GPS (ID_PROVEEDOR, NOMBRE, URL_SERVICIO, ACTIVO, FECHA_HORA) VALUES (1, 'SMS-OPEN', 'http://190.120.7.3/wsunopetrol/service.asmx?WSDL', 1, CURRENT_TIMESTAMP);

-- CONSULTA DE TABLAS DEL ESQUEMA DB_TRANSPORTES.
SELECT A.* FROM MENU A;
SELECT A.* FROM ROL A;
SELECT A.* FROM ROL_MENU A;
SELECT A.* FROM USUARIO A;
SELECT A.* FROM PROVEEDOR_GPS A;
SELECT A.* FROM PARAMETROS_GPS A;

SELECT A.* FROM PAIS A;
SELECT A.* FROM COMPANIA A;
SELECT A.* FROM PLANTA A;
SELECT A.* FROM ESTADO_VIAJE A;
SELECT A.* FROM VEHICULO A;
SELECT A.* FROM CABEZAL A;
SELECT A.* FROM TRANSPORTISTA A;
SELECT A.* FROM CLIENTE A;
SELECT A.* FROM CLIENTE_DESTINO A;

-- CONSULTA DE VIAJES, UBICACIONES POR VIAJE Y DISPONIBILIDAD.
SELECT A.* FROM VIAJES A WHERE A.FECHA_VIAJE = '2023-09-07';
SELECT A.* FROM VIAJE_UBICACIONES A WHERE A.FECHA_HORA BETWEEN '2023-10-02 00:00:00' AND '2023-10-02 23:59:59';
SELECT A.* FROM DISPONIBILIDAD A;

-- CONSULTA DE UBICACIONES DEL PROVEEDORES DE GPS :: SMS-OPEN.
SELECT A.* FROM SMS_OPEN_ENCABEZADO A WHERE A.FECHA_ACTUALIZACION BETWEEN '2023-09-26 00:00:00' AND '2023-09-26 23:59:59';
SELECT B.* FROM SMS_OPEN_DETALLE B WHERE B.ID_SMS_OPEN IN (SELECT A.ID_SMS_OPEN FROM SMS_OPEN_ENCABEZADO A WHERE A.FECHA_ACTUALIZACION BETWEEN '2023-09-25 00:00:00' AND '2023-09-25 23:59:59');

-- CONSULTA DE LA DISPONIBILIDAD POR TRANSPORTISTA Y FECHA.
SELECT T.NOMBRE TRANSPORTISTA, V.CODIGO CISTERNA, C.CODIGO CABEZAL, A.FECHA FECHA, A.FECHA_HORA FECHA_HORA 
FROM DISPONIBILIDAD A LEFT JOIN TRANSPORTISTA T ON (A.ID_TRANSPORTISTA=T.ID_TRANSPORTISTA) LEFT JOIN VEHICULO V ON (A.ID_VEHICULO=V.ID_VEHICULO) LEFT JOIN CABEZAL C ON (A.ID_CABEZAL=C.ID_CABEZAL)
WHERE A.FECHA='2023-10-03'
ORDER BY T.NOMBRE;

-- SENTENCIA PARA CAMBIAR LA GEOZONA DE LAS PLANTAS.
SELECT A.* FROM PLANTA A WHERE A.CODIGO=728016;
UPDATE PLANTA SET
ZONA_LATITUD_1=13.571043, ZONA_LONGITUD_1=-89.835103,
ZONA_LATITUD_2=13.561782, ZONA_LONGITUD_2=-89.835103,
ZONA_LATITUD_3=13.561782, ZONA_LONGITUD_3=-89.820726,
ZONA_LATITUD_4=13.571043, ZONA_LONGITUD_4=-89.820726,
ZONA_LATITUD_5=13.571043, ZONA_LONGITUD_5=-89.835103
WHERE CODIGO=728016;

-- SENTENCIA PARA CAMBIAR LA GEOZONA DE LOS CLIENTES-DESTINO.
SELECT A.* FROM CLIENTE_DESTINO A WHERE A.CODIGO=725338;
UPDATE CLIENTE_DESTINO SET
ZONA_LATITUD_1=13.661082, ZONA_LONGITUD_1=-89.190144,
ZONA_LATITUD_2=13.660678, ZONA_LONGITUD_2=-89.190144,
ZONA_LATITUD_3=13.660678, ZONA_LONGITUD_3=-89.189642,
ZONA_LATITUD_4=13.661082, ZONA_LONGITUD_4=-89.189642,
ZONA_LATITUD_5=13.661082, ZONA_LONGITUD_5=-89.190144
WHERE CODIGO=725338;

-- LISTA DE VEHÍCULOS Y CABEZALES DE LOS TRANSPORTISTAS MARTINEZ Y DIVERSOS DE EL SALVADOR UTILIZADOS EN LA DISPONIBILIDAD.
SELECT A.* FROM VEHICULO A WHERE A.ID_TRANSPORTISTA IN (10, 42) ORDER BY A.CODIGO;
SELECT A.* FROM CABEZAL A WHERE A.ID_TRANSPORTISTA IN (10, 42) ORDER BY A.CODIGO;

-- NÚMERO DE ORDENES POR PAÍS.
SELECT P.NOMBRE PAIS, COUNT(*) NO_ORDENES
FROM VIAJES V LEFT JOIN PAIS P ON (V.ID_PAIS=P.ID_PAIS)
WHERE V.FECHA_VIAJE='2023-09-29'
GROUP BY P.ID_PAIS;

-- NÚMERO DE ORDENES POR PAÍS Y ESTADO.
SELECT 
P.NOMBRE PAIS,
CONCAT(EV.CODIGO,'-',EV.NOMBRE) ESTADO_VIAJE,
COUNT(*) NO_ORDENES
FROM VIAJES V
     LEFT JOIN PAIS P ON (V.ID_PAIS=P.ID_PAIS)
     LEFT JOIN ESTADO_VIAJE EV ON (V.ID_ESTADO_VIAJE=EV.ID_ESTADO_VIAJE)
WHERE V.FECHA_VIAJE='2023-09-29'
GROUP BY P.NOMBRE, CONCAT(EV.CODIGO,'-',EV.NOMBRE)
ORDER BY P.NOMBRE, CONCAT(EV.CODIGO,'-',EV.NOMBRE);

-- NÚMERO DE ORDENES POR PAÍS, ESTADO Y TRANSPORTISTAS (TRACKING)
SELECT 
P.NOMBRE PAIS,
T.NOMBRE TRANSPORTISTA,
CONCAT(EV.CODIGO,'-',EV.NOMBRE) ESTADO_VIAJE,
COUNT(*) NO_ORDENES
FROM VIAJES V
     LEFT JOIN PAIS P ON (V.ID_PAIS=P.ID_PAIS)
     LEFT JOIN ESTADO_VIAJE EV ON (V.ID_ESTADO_VIAJE=EV.ID_ESTADO_VIAJE)
     LEFT JOIN TRANSPORTISTA T ON (V.ID_TRANSPORTISTA=T.ID_TRANSPORTISTA)
WHERE V.FECHA_VIAJE='2023-09-29' AND T.RASTREABLE=1
GROUP BY P.NOMBRE, T.NOMBRE, CONCAT(EV.CODIGO,'-',EV.NOMBRE)
ORDER BY P.NOMBRE, T.NOMBRE, CONCAT(EV.CODIGO,'-',EV.NOMBRE);

-- NUMERO DE VIAJES POR PAÍS Y ESTADO.
SELECT 
VIAJES.PAIS,
COUNT(*) NO_VIAJES 
FROM 
	(SELECT P.NOMBRE PAIS, V.ID_COMPANIA, V.ID_PLANTA, V.NUMERO_VIAJE, COUNT(*) NUMERO 
	 FROM VIAJES V LEFT JOIN PAIS P ON (V.ID_PAIS=P.ID_PAIS)
     WHERE V.FECHA_VIAJE='2023-09-29' 
     GROUP BY P.NOMBRE, V.ID_COMPANIA, V.ID_PLANTA, V.NUMERO_VIAJE) VIAJES
GROUP BY VIAJES.PAIS;